Unnamed: 0,item_number,description,category,item_link,minifigs_link,color_link,Name,Hair Type,Is_Fantasy_Color,Is_Natural_Color
571,11255,"Minifigure, Hair Long with Curls (Judge's Peruke)","Minifigure, Hair",https://bricklink.com/v2/catalog/catalogitem.page?P=11255,https://www.bricklink.com/catalogItemIn.asp?P=11255&in=M,https://bricklink.com/v2/catalog/catalogitem.page?P=11255#T=C,White,Black-coded,False,True
568,11261,"Minifigure, Hair Long with Braided Front","Minifigure, Hair",https://bricklink.com/v2/catalog/catalogitem.page?P=11261,https://www.bricklink.com/catalogItemIn.asp?P=11261&in=M,https://bricklink.com/v2/catalog/catalogitem.page?P=11261#T=C,Dark Brown,Black-coded,False,True
729,11421pb01,"Minifigure, Hair Shaggy with Braided Beard with Silver Axe Shard and Dark Bluish Gray Pattern","Minifigure, Hair",https://bricklink.com/v2/catalog/catalogitem.page?P=11421pb01,https://www.bricklink.com/catalogItemIn.asp?P=11421pb01&in=M,https://bricklink.com/v2/catalog/catalogitem.page?P=11421pb01#T=C,Black,Black-coded,False,True
886,11423pb01,"Minifigure, Hair Spiked Braid and Beard with White Braids Pattern","Minifigure, Hair",https://bricklink.com/v2/catalog/catalogitem.page?P=11423pb01,https://www.bricklink.com/catalogItemIn.asp?P=11423pb01&in=M,https://bricklink.com/v2/catalog/catalogitem.page?P=11423pb01#T=C,Light Bluish Gray,Black-coded,False,False
856,11906,"Minifigure, Hair Small Braids and Fan Shaped Ponytail","Minifigure, Hair",https://bricklink.com/v2/catalog/catalogitem.page?P=11906,https://www.bricklink.com/catalogItemIn.asp?P=11906&in=M,https://bricklink.com/v2/catalog/catalogitem.page?P=11906#T=C,Light Bluish Gray,Black-coded,False,False
373,13198pb01,"Minifigure, Hair Female Ponytail Long Braided with Gold Hair Clips Pattern","Minifigure, Hair",https://bricklink.com/v2/catalog/catalogitem.page?P=13198pb01,https://www.bricklink.com/catalogItemIn.asp?P=13198pb01&in=M,https://bricklink.com/v2/catalog/catalogitem.page?P=13198pb01#T=C,Dark Brown,Black-coded,False,True
537,13753pb01,"Minifigure, Hair Long Braided with White Ties and Dark Brown Braids","Minifigure, Hair",https://bricklink.com/v2/catalog/catalogitem.page?P=13753pb01,https://www.bricklink.com/catalogItemIn.asp?P=13753pb01&in=M,https://bricklink.com/v2/catalog/catalogitem.page?P=13753pb01#T=C,Dark Bluish Gray,Black-coded,False,False
821,15443,"Minifigure, Hair Short with 2 Locks on Left Side","Minifigure, Hair",https://bricklink.com/v2/catalog/catalogitem.page?P=15443,https://www.bricklink.com/catalogItemIn.asp?P=15443&in=M,https://bricklink.com/v2/catalog/catalogitem.page?P=15443#T=C,Black,Black-coded,False,True
822,15443,"Minifigure, Hair Short with 2 Locks on Left Side","Minifigure, Hair",https://bricklink.com/v2/catalog/catalogitem.page?P=15443,https://www.bricklink.com/catalogItemIn.asp?P=15443&in=M,https://bricklink.com/v2/catalog/catalogitem.page?P=15443#T=C,Dark Brown,Black-coded,False,True
823,15443,"Minifigure, Hair Short with 2 Locks on Left Side","Minifigure, Hair",https://bricklink.com/v2/catalog/catalogitem.page?P=15443,https://www.bricklink.com/catalogItemIn.asp?P=15443&in=M,https://bricklink.com/v2/catalog/catalogitem.page?P=15443#T=C,Medium Nougat,Black-coded,False,False
696,1579,"Minifigure, Hair Na'vi, Narrow with Braids and Bar at End","Minifigure, Hair",https://bricklink.com/v2/catalog/catalogitem.page?P=1579,https://www.bricklink.com/catalogItemIn.asp?P=1579&in=M,https://bricklink.com/v2/catalog/catalogitem.page?P=1579#T=C,Black,Black-coded,False,True
699,1580,"Minifigure, Hair Na'vi, Wide with Braids and Bar at End","Minifigure, Hair",https://bricklink.com/v2/catalog/catalogitem.page?P=1580,https://www.bricklink.com/catalogItemIn.asp?P=1580&in=M,https://bricklink.com/v2/catalog/catalogitem.page?P=1580#T=C,Black,Black-coded,False,True
34,1685,"Minifigure, Hair Coiled and Mid-Length Sides","Minifigure, Hair",https://bricklink.com/v2/catalog/catalogitem.page?P=1685,https://www.bricklink.com/catalogItemIn.asp?P=1685&in=M,https://bricklink.com/v2/catalog/catalogitem.page?P=1685#T=C,Black,Black-coded,False,True
35,1685,"Minifigure, Hair Coiled and Mid-Length Sides","Minifigure, Hair",https://bricklink.com/v2/catalog/catalogitem.page?P=1685,https://www.bricklink.com/catalogItemIn.asp?P=1685&in=M,https://bricklink.com/v2/catalog/catalogitem.page?P=1685#T=C,Dark Brown,Black-coded,False,True
543,18166,"Minifigure, Hair Long Pulled Back with Banded Top Knot","Minifigure, Hair",https://bricklink.com/v2/catalog/catalogitem.page?P=18166,https://www.bricklink.com/catalogItemIn.asp?P=18166&in=M,https://bricklink.com/v2/catalog/catalogitem.page?P=18166#T=C,Black,Black-coded,False,True
143,1988,"Minifigure, Hair Female Coiled and Braided, Swept over Left Side","Minifigure, Hair",https://bricklink.com/v2/catalog/catalogitem.page?P=1988,https://www.bricklink.com/catalogItemIn.asp?P=1988&in=M,https://bricklink.com/v2/catalog/catalogitem.page?P=1988#T=C,Black,Black-coded,False,True
802,20597,"Minifigure, Hair Short Tousled with Side Part and Lock Sticking Up","Minifigure, Hair",https://bricklink.com/v2/catalog/catalogitem.page?P=20597,https://www.bricklink.com/catalogItemIn.asp?P=20597&in=M,https://bricklink.com/v2/catalog/catalogitem.page?P=20597#T=C,Black,Black-coded,False,True
804,20597,"Minifigure, Hair Short Tousled with Side Part and Lock Sticking Up","Minifigure, Hair",https://bricklink.com/v2/catalog/catalogitem.page?P=20597,https://www.bricklink.com/catalogItemIn.asp?P=20597&in=M,https://bricklink.com/v2/catalog/catalogitem.page?P=20597#T=C,Dark Brown,Black-coded,False,True
805,20597,"Minifigure, Hair Short Tousled with Side Part and Lock Sticking Up","Minifigure, Hair",https://bricklink.com/v2/catalog/catalogitem.page?P=20597,https://www.bricklink.com/catalogItemIn.asp?P=20597&in=M,https://bricklink.com/v2/catalog/catalogitem.page?P=20597#T=C,Medium Nougat,Black-coded,False,False
538,2123,"Minifigure, Hair Long Dreadlocks","Minifigure, Hair",https://bricklink.com/v2/catalog/catalogitem.page?P=2123,https://www.bricklink.com/catalogItemIn.asp?P=2123&in=M,https://bricklink.com/v2/catalog/catalogitem.page?P=2123#T=C,Black,Black-coded,False,True
627,21778,"Minifigure, Hair Male with Coiled Texture","Minifigure, Hair",https://bricklink.com/v2/catalog/catalogitem.page?P=21778,https://www.bricklink.com/catalogItemIn.asp?P=21778&in=M,https://bricklink.com/v2/catalog/catalogitem.page?P=21778#T=C,Black,Black-coded,False,True
628,21778,"Minifigure, Hair Male with Coiled Texture","Minifigure, Hair",https://bricklink.com/v2/catalog/catalogitem.page?P=21778,https://www.bricklink.com/catalogItemIn.asp?P=21778&in=M,https://bricklink.com/v2/catalog/catalogitem.page?P=21778#T=C,Dark Brown,Black-coded,False,True
629,21778,"Minifigure, Hair Male with Coiled Texture","Minifigure, Hair",https://bricklink.com/v2/catalog/catalogitem.page?P=21778,https://www.bricklink.com/catalogItemIn.asp?P=21778&in=M,https://bricklink.com/v2/catalog/catalogitem.page?P=21778#T=C,Light Bluish Gray,Black-coded,False,False
631,21778,"Minifigure, Hair Male with Coiled Texture","Minifigure, Hair",https://bricklink.com/v2/catalog/catalogitem.page?P=21778,https://www.bricklink.com/catalogItemIn.asp?P=21778&in=M,https://bricklink.com/v2/catalog/catalogitem.page?P=21778#T=C,Medium Nougat,Black-coded,False,False
829,21789,"Minifigure, Hair Short with Slightly Curled Ends","Minifigure, Hair",https://bricklink.com/v2/catalog/catalogitem.page?P=21789,https://www.bricklink.com/catalogItemIn.asp?P=21789&in=M,https://bricklink.com/v2/catalog/catalogitem.page?P=21789#T=C,Reddish Brown,Black-coded,True,True
980,2517,"Minifigure, Hair Tall Rococo Wig with Curled Rolls","Minifigure, Hair",https://bricklink.com/v2/catalog/catalogitem.page?P=2517,https://www.bricklink.com/catalogItemIn.asp?P=2517&in=M,https://bricklink.com/v2/catalog/catalogitem.page?P=2517#T=C,White,Black-coded,False,True
511,25379,"Minifigure, Hair Flat Top with Straight Even Sections","Minifigure, Hair",https://bricklink.com/v2/catalog/catalogitem.page?P=25379,https://www.bricklink.com/catalogItemIn.asp?P=25379&in=M,https://bricklink.com/v2/catalog/catalogitem.page?P=25379#T=C,Black,Black-coded,False,True
512,25379,"Minifigure, Hair Flat Top with Straight Even Sections","Minifigure, Hair",https://bricklink.com/v2/catalog/catalogitem.page?P=25379,https://www.bricklink.com/catalogItemIn.asp?P=25379&in=M,https://bricklink.com/v2/catalog/catalogitem.page?P=25379#T=C,Light Bluish Gray,Black-coded,False,False
514,25379,"Minifigure, Hair Flat Top with Straight Even Sections","Minifigure, Hair",https://bricklink.com/v2/catalog/catalogitem.page?P=25379,https://www.bricklink.com/catalogItemIn.asp?P=25379&in=M,https://bricklink.com/v2/catalog/catalogitem.page?P=25379#T=C,White,Black-coded,False,True
481,26048,"Minifigure, Hair Female with High Bangs, Large Wavy Curls and Small Bun","Minifigure, Hair",https://bricklink.com/v2/catalog/catalogitem.page?P=26048,https://www.bricklink.com/catalogItemIn.asp?P=26048&in=M,https://bricklink.com/v2/catalog/catalogitem.page?P=26048#T=C,Bright Light Yellow,Black-coded,True,True
465,27066,"Minifigure, Hair Female Updo with Tight Curls and Elaborate Braids","Minifigure, Hair",https://bricklink.com/v2/catalog/catalogitem.page?P=27066,https://www.bricklink.com/catalogItemIn.asp?P=27066&in=M,https://bricklink.com/v2/catalog/catalogitem.page?P=27066#T=C,Black,Black-coded,False,True
1034,27385,"Minifigure, Hair Wide Mohawk with Coiled Texture","Minifigure, Hair",https://bricklink.com/v2/catalog/catalogitem.page?P=27385,https://www.bricklink.com/catalogItemIn.asp?P=27385&in=M,https://bricklink.com/v2/catalog/catalogitem.page?P=27385#T=C,Black,Black-coded,False,True
700,2764,"Minifigure, Hair Na'vi, Wide with Braids, Smooth Front, and Bar at End","Minifigure, Hair",https://bricklink.com/v2/catalog/catalogitem.page?P=2764,https://www.bricklink.com/catalogItemIn.asp?P=2764&in=M,https://bricklink.com/v2/catalog/catalogitem.page?P=2764#T=C,Black,Black-coded,False,True
697,2781,"Minifigure, Hair Na'vi, Very Narrow with Braids and Bar at End","Minifigure, Hair",https://bricklink.com/v2/catalog/catalogitem.page?P=2781,https://www.bricklink.com/catalogItemIn.asp?P=2781&in=M,https://bricklink.com/v2/catalog/catalogitem.page?P=2781#T=C,Black,Black-coded,False,True
698,2782,"Minifigure, Hair Na'vi, Wide with Bangs, Braids, and Bar at End","Minifigure, Hair",https://bricklink.com/v2/catalog/catalogitem.page?P=2782,https://www.bricklink.com/catalogItemIn.asp?P=2782&in=M,https://bricklink.com/v2/catalog/catalogitem.page?P=2782#T=C,Black,Black-coded,False,True
204,28139pb01,"Minifigure, Hair Female Long Wavy with Curled Bangs with White Rose and Green Leaves Pattern","Minifigure, Hair",https://bricklink.com/v2/catalog/catalogitem.page?P=28139pb01,https://www.bricklink.com/catalogItemIn.asp?P=28139pb01&in=M,https://bricklink.com/v2/catalog/catalogitem.page?P=28139pb01#T=C,Red,Black-coded,True,True
466,29634,"Minifigure, Hair Female Very Curly, Parted in Middle","Minifigure, Hair",https://bricklink.com/v2/catalog/catalogitem.page?P=29634,https://www.bricklink.com/catalogItemIn.asp?P=29634&in=M,https://bricklink.com/v2/catalog/catalogitem.page?P=29634#T=C,Black,Black-coded,False,True
501,30608,"Minifigure, Hair Flat Top with Extended Sides","Minifigure, Hair",https://bricklink.com/v2/catalog/catalogitem.page?P=30608,https://www.bricklink.com/catalogItemIn.asp?P=30608&in=M,https://bricklink.com/v2/catalog/catalogitem.page?P=30608#T=C,Black,Black-coded,False,True
502,30608,"Minifigure, Hair Flat Top with Extended Sides","Minifigure, Hair",https://bricklink.com/v2/catalog/catalogitem.page?P=30608,https://www.bricklink.com/catalogItemIn.asp?P=30608&in=M,https://bricklink.com/v2/catalog/catalogitem.page?P=30608#T=C,Brown,Black-coded,False,True
504,30608,"Minifigure, Hair Flat Top with Extended Sides","Minifigure, Hair",https://bricklink.com/v2/catalog/catalogitem.page?P=30608,https://www.bricklink.com/catalogItemIn.asp?P=30608&in=M,https://bricklink.com/v2/catalog/catalogitem.page?P=30608#T=C,Light Gray,Black-coded,False,False
506,30608,"Minifigure, Hair Flat Top with Extended Sides","Minifigure, Hair",https://bricklink.com/v2/catalog/catalogitem.page?P=30608,https://www.bricklink.com/catalogItemIn.asp?P=30608&in=M,https://bricklink.com/v2/catalog/catalogitem.page?P=30608#T=C,Tan,Black-coded,False,False
507,30608,"Minifigure, Hair Flat Top with Extended Sides","Minifigure, Hair",https://bricklink.com/v2/catalog/catalogitem.page?P=30608,https://www.bricklink.com/catalogItemIn.asp?P=30608&in=M,https://bricklink.com/v2/catalog/catalogitem.page?P=30608#T=C,Copper,Black-coded,False,False
222,3361,"Minifigure, Hair Female Long with Part over Right Shoulder, Curled Ends, Hole on Top","Minifigure, Hair",https://bricklink.com/v2/catalog/catalogitem.page?P=3361,https://www.bricklink.com/catalogItemIn.asp?P=3361&in=M,https://bricklink.com/v2/catalog/catalogitem.page?P=3361#T=C,Bright Light Yellow,Black-coded,True,True
223,3361,"Minifigure, Hair Female Long with Part over Right Shoulder, Curled Ends, Hole on Top","Minifigure, Hair",https://bricklink.com/v2/catalog/catalogitem.page?P=3361,https://www.bricklink.com/catalogItemIn.asp?P=3361&in=M,https://bricklink.com/v2/catalog/catalogitem.page?P=3361#T=C,Yellow,Black-coded,True,True
441,3532,"Minifigure, Hair Female Short, Braided with Knot Bun","Minifigure, Hair",https://bricklink.com/v2/catalog/catalogitem.page?P=3532,https://www.bricklink.com/catalogItemIn.asp?P=3532&in=M,https://bricklink.com/v2/catalog/catalogitem.page?P=3532#T=C,Black,Black-coded,False,True
442,3532,"Minifigure, Hair Female Short, Braided with Knot Bun","Minifigure, Hair",https://bricklink.com/v2/catalog/catalogitem.page?P=3532,https://www.bricklink.com/catalogItemIn.asp?P=3532&in=M,https://bricklink.com/v2/catalog/catalogitem.page?P=3532#T=C,Dark Brown,Black-coded,False,True
670,35494,"Minifigure, Hair Mid-Length Wavy with Center Part and Sidelocks","Minifigure, Hair",https://bricklink.com/v2/catalog/catalogitem.page?P=35494,https://www.bricklink.com/catalogItemIn.asp?P=35494&in=M,https://bricklink.com/v2/catalog/catalogitem.page?P=35494#T=C,Black,Black-coded,False,True
671,35494,"Minifigure, Hair Mid-Length Wavy with Center Part and Sidelocks","Minifigure, Hair",https://bricklink.com/v2/catalog/catalogitem.page?P=35494,https://www.bricklink.com/catalogItemIn.asp?P=35494&in=M,https://bricklink.com/v2/catalog/catalogitem.page?P=35494#T=C,Dark Brown,Black-coded,False,True
672,35494,"Minifigure, Hair Mid-Length Wavy with Center Part and Sidelocks","Minifigure, Hair",https://bricklink.com/v2/catalog/catalogitem.page?P=35494,https://www.bricklink.com/catalogItemIn.asp?P=35494&in=M,https://bricklink.com/v2/catalog/catalogitem.page?P=35494#T=C,Dark Tan,Black-coded,False,True
638,3595,"Minifigure, Hair Male, Coiled with Smooth Sides","Minifigure, Hair",https://bricklink.com/v2/catalog/catalogitem.page?P=3595,https://www.bricklink.com/catalogItemIn.asp?P=3595&in=M,https://bricklink.com/v2/catalog/catalogitem.page?P=3595#T=C,Dark Brown,Black-coded,False,True
1036,3598,"Minifigure, Hair with Top Knot Bun and Bangs, Hole on Top","Minifigure, Hair",https://bricklink.com/v2/catalog/catalogitem.page?P=3598,https://www.bricklink.com/catalogItemIn.asp?P=3598&in=M,https://bricklink.com/v2/catalog/catalogitem.page?P=3598#T=C,Black,Black-coded,False,True
1037,3598,"Minifigure, Hair with Top Knot Bun and Bangs, Hole on Top","Minifigure, Hair",https://bricklink.com/v2/catalog/catalogitem.page?P=3598,https://www.bricklink.com/catalogItemIn.asp?P=3598&in=M,https://bricklink.com/v2/catalog/catalogitem.page?P=3598#T=C,Dark Brown,Black-coded,False,True
37,36060,"Minifigure, Hair Coiled and Short","Minifigure, Hair",https://bricklink.com/v2/catalog/catalogitem.page?P=36060,https://www.bricklink.com/catalogItemIn.asp?P=36060&in=M,https://bricklink.com/v2/catalog/catalogitem.page?P=36060#T=C,Black,Black-coded,False,True
38,36060,"Minifigure, Hair Coiled and Short","Minifigure, Hair",https://bricklink.com/v2/catalog/catalogitem.page?P=36060,https://www.bricklink.com/catalogItemIn.asp?P=36060&in=M,https://bricklink.com/v2/catalog/catalogitem.page?P=36060#T=C,Dark Brown,Black-coded,False,True
839,36268,"Minifigure, Hair Short, Bob Cut with Left Side Part and Right Curl","Minifigure, Hair",https://bricklink.com/v2/catalog/catalogitem.page?P=36268,https://www.bricklink.com/catalogItemIn.asp?P=36268&in=M,https://bricklink.com/v2/catalog/catalogitem.page?P=36268#T=C,Dark Brown,Black-coded,False,True
840,36268,"Minifigure, Hair Short, Bob Cut with Left Side Part and Right Curl","Minifigure, Hair",https://bricklink.com/v2/catalog/catalogitem.page?P=36268,https://www.bricklink.com/catalogItemIn.asp?P=36268&in=M,https://bricklink.com/v2/catalog/catalogitem.page?P=36268#T=C,Reddish Brown,Black-coded,True,True
187,3759pb01,"Minifigure, Hair Female Long Thick Braid with Dark Red, Silver, and Bright Light Blue Wrap Pattern","Minifigure, Hair",https://bricklink.com/v2/catalog/catalogitem.page?P=3759pb01,https://www.bricklink.com/catalogItemIn.asp?P=3759pb01&in=M,https://bricklink.com/v2/catalog/catalogitem.page?P=3759pb01#T=C,Black,Black-coded,False,True
163,3986,"Minifigure, Hair Female Long Peaked Top Knot Inclined to the Left","Minifigure, Hair",https://bricklink.com/v2/catalog/catalogitem.page?P=3986,https://www.bricklink.com/catalogItemIn.asp?P=3986&in=M,https://bricklink.com/v2/catalog/catalogitem.page?P=3986#T=C,Black,Black-coded,False,True
464,3987,"Minifigure, Hair Female Tousled Curls, Updo with Center Part","Minifigure, Hair",https://bricklink.com/v2/catalog/catalogitem.page?P=3987,https://www.bricklink.com/catalogItemIn.asp?P=3987&in=M,https://bricklink.com/v2/catalog/catalogitem.page?P=3987#T=C,Dark Orange,Black-coded,True,True
786,40938,"Minifigure, Hair Short Tousled with 2 Locks on Left Side","Minifigure, Hair",https://bricklink.com/v2/catalog/catalogitem.page?P=40938,https://www.bricklink.com/catalogItemIn.asp?P=40938&in=M,https://bricklink.com/v2/catalog/catalogitem.page?P=40938#T=C,Dark Brown,Black-coded,False,True
828,42874pb01,"Minifigure, Hair Short with Lock Sticking Up and Black Top Pattern","Minifigure, Hair",https://bricklink.com/v2/catalog/catalogitem.page?P=42874pb01,https://www.bricklink.com/catalogItemIn.asp?P=42874pb01&in=M,https://bricklink.com/v2/catalog/catalogitem.page?P=42874pb01#T=C,Dark Tan,Black-coded,False,True
715,44756,"Minifigure, Hair Pulled Back in Top Knot, Hole on Left","Minifigure, Hair",https://bricklink.com/v2/catalog/catalogitem.page?P=44756,https://www.bricklink.com/catalogItemIn.asp?P=44756&in=M,https://bricklink.com/v2/catalog/catalogitem.page?P=44756#T=C,Black,Black-coded,False,True
191,48212,"Minifigure, Hair Female Long Top Braided, Elaborate","Minifigure, Hair",https://bricklink.com/v2/catalog/catalogitem.page?P=48212,https://www.bricklink.com/catalogItemIn.asp?P=48212&in=M,https://bricklink.com/v2/catalog/catalogitem.page?P=48212#T=C,Dark Brown,Black-coded,False,True
192,48212,"Minifigure, Hair Female Long Top Braided, Elaborate","Minifigure, Hair",https://bricklink.com/v2/catalog/catalogitem.page?P=48212,https://www.bricklink.com/catalogItemIn.asp?P=48212&in=M,https://bricklink.com/v2/catalog/catalogitem.page?P=48212#T=C,Light Aqua,Black-coded,False,False
440,4926,"Minifigure, Hair Female Short, Braided on Sides, Pulled Back in Bun","Minifigure, Hair",https://bricklink.com/v2/catalog/catalogitem.page?P=4926,https://www.bricklink.com/catalogItemIn.asp?P=4926&in=M,https://bricklink.com/v2/catalog/catalogitem.page?P=4926#T=C,Dark Tan,Black-coded,False,True
118,5108,"Minifigure, Hair Curly, Bushy, Hole on Top","Minifigure, Hair",https://bricklink.com/v2/catalog/catalogitem.page?P=5108,https://www.bricklink.com/catalogItemIn.asp?P=5108&in=M,https://bricklink.com/v2/catalog/catalogitem.page?P=5108#T=C,Black,Black-coded,False,True
250,5266pb01,"Minifigure, Hair Female Mid-Length Swept Back with Top Knot Bun with Gold Dragon and Monkie Kid Color Stone in Circle Pattern","Minifigure, Hair",https://bricklink.com/v2/catalog/catalogitem.page?P=5266pb01,https://www.bricklink.com/catalogItemIn.asp?P=5266pb01&in=M,https://bricklink.com/v2/catalog/catalogitem.page?P=5266pb01#T=C,Black,Black-coded,False,True
146,53126,"Minifigure, Hair Female Coiled with Large High Bun","Minifigure, Hair",https://bricklink.com/v2/catalog/catalogitem.page?P=53126,https://www.bricklink.com/catalogItemIn.asp?P=53126&in=M,https://bricklink.com/v2/catalog/catalogitem.page?P=53126#T=C,Black,Black-coded,False,True
147,53126,"Minifigure, Hair Female Coiled with Large High Bun","Minifigure, Hair",https://bricklink.com/v2/catalog/catalogitem.page?P=53126,https://www.bricklink.com/catalogItemIn.asp?P=53126&in=M,https://bricklink.com/v2/catalog/catalogitem.page?P=53126#T=C,Dark Brown,Black-coded,False,True
120,5726,"Minifigure, Hair Dreadlocks Tousled and Spiked in Front, Short Back and Sides","Minifigure, Hair",https://bricklink.com/v2/catalog/catalogitem.page?P=5726,https://www.bricklink.com/catalogItemIn.asp?P=5726&in=M,https://bricklink.com/v2/catalog/catalogitem.page?P=5726#T=C,Black,Black-coded,False,True
827,59362,"Minifigure, Hair Short with Curled Ends","Minifigure, Hair",https://bricklink.com/v2/catalog/catalogitem.page?P=59362,https://www.bricklink.com/catalogItemIn.asp?P=59362&in=M,https://bricklink.com/v2/catalog/catalogitem.page?P=59362#T=C,Reddish Brown,Black-coded,True,True
274,59363,"Minifigure, Hair Female Mid-Length with Braid Around Sides","Minifigure, Hair",https://bricklink.com/v2/catalog/catalogitem.page?P=59363,https://www.bricklink.com/catalogItemIn.asp?P=59363&in=M,https://bricklink.com/v2/catalog/catalogitem.page?P=59363#T=C,Black,Black-coded,False,True
277,59363,"Minifigure, Hair Female Mid-Length with Braid Around Sides","Minifigure, Hair",https://bricklink.com/v2/catalog/catalogitem.page?P=59363,https://www.bricklink.com/catalogItemIn.asp?P=59363&in=M,https://bricklink.com/v2/catalog/catalogitem.page?P=59363#T=C,Medium Nougat,Black-coded,False,False
522,6025,"Minifigure, Hair Islander","Minifigure, Hair",https://bricklink.com/v2/catalog/catalogitem.page?P=6025,https://www.bricklink.com/catalogItemIn.asp?P=6025&in=M,https://bricklink.com/v2/catalog/catalogitem.page?P=6025#T=C,Black,Black-coded,False,True
432,64807,"Minifigure, Hair Female Short, Braided on Sides, Hole on Top","Minifigure, Hair",https://bricklink.com/v2/catalog/catalogitem.page?P=64807,https://www.bricklink.com/catalogItemIn.asp?P=64807&in=M,https://bricklink.com/v2/catalog/catalogitem.page?P=64807#T=C,Black,Black-coded,False,True
434,64807,"Minifigure, Hair Female Short, Braided on Sides, Hole on Top","Minifigure, Hair",https://bricklink.com/v2/catalog/catalogitem.page?P=64807,https://www.bricklink.com/catalogItemIn.asp?P=64807&in=M,https://bricklink.com/v2/catalog/catalogitem.page?P=64807#T=C,Dark Brown,Black-coded,False,True
435,64807,"Minifigure, Hair Female Short, Braided on Sides, Hole on Top","Minifigure, Hair",https://bricklink.com/v2/catalog/catalogitem.page?P=64807,https://www.bricklink.com/catalogItemIn.asp?P=64807&in=M,https://bricklink.com/v2/catalog/catalogitem.page?P=64807#T=C,Dark Tan,Black-coded,False,True
436,64807,"Minifigure, Hair Female Short, Braided on Sides, Hole on Top","Minifigure, Hair",https://bricklink.com/v2/catalog/catalogitem.page?P=64807,https://www.bricklink.com/catalogItemIn.asp?P=64807&in=M,https://bricklink.com/v2/catalog/catalogitem.page?P=64807#T=C,Light Bluish Gray,Black-coded,False,False
437,64807,"Minifigure, Hair Female Short, Braided on Sides, Hole on Top","Minifigure, Hair",https://bricklink.com/v2/catalog/catalogitem.page?P=64807,https://www.bricklink.com/catalogItemIn.asp?P=64807&in=M,https://bricklink.com/v2/catalog/catalogitem.page?P=64807#T=C,Medium Nougat,Black-coded,False,False
439,64807,"Minifigure, Hair Female Short, Braided on Sides, Hole on Top","Minifigure, Hair",https://bricklink.com/v2/catalog/catalogitem.page?P=64807,https://www.bricklink.com/catalogItemIn.asp?P=64807&in=M,https://bricklink.com/v2/catalog/catalogitem.page?P=64807#T=C,White,Black-coded,False,True
149,69857,"Minifigure, Hair Female Coiled with Ponytail, Hole on Top","Minifigure, Hair",https://bricklink.com/v2/catalog/catalogitem.page?P=69857,https://www.bricklink.com/catalogItemIn.asp?P=69857&in=M,https://bricklink.com/v2/catalog/catalogitem.page?P=69857#T=C,Black,Black-coded,False,True
150,69857,"Minifigure, Hair Female Coiled with Ponytail, Hole on Top","Minifigure, Hair",https://bricklink.com/v2/catalog/catalogitem.page?P=69857,https://www.bricklink.com/catalogItemIn.asp?P=69857&in=M,https://bricklink.com/v2/catalog/catalogitem.page?P=69857#T=C,Dark Brown,Black-coded,False,True
151,69857,"Minifigure, Hair Female Coiled with Ponytail, Hole on Top","Minifigure, Hair",https://bricklink.com/v2/catalog/catalogitem.page?P=69857,https://www.bricklink.com/catalogItemIn.asp?P=69857&in=M,https://bricklink.com/v2/catalog/catalogitem.page?P=69857#T=C,Tan,Black-coded,False,False
634,7195,"Minifigure, Hair Male, Coiled with Raised Front","Minifigure, Hair",https://bricklink.com/v2/catalog/catalogitem.page?P=7195,https://www.bricklink.com/catalogItemIn.asp?P=7195&in=M,https://bricklink.com/v2/catalog/catalogitem.page?P=7195#T=C,Black,Black-coded,False,True
152,78301,"Minifigure, Hair Female Coiled, Parted Wash and Go","Minifigure, Hair",https://bricklink.com/v2/catalog/catalogitem.page?P=78301,https://www.bricklink.com/catalogItemIn.asp?P=78301&in=M,https://bricklink.com/v2/catalog/catalogitem.page?P=78301#T=C,Black,Black-coded,False,True
153,78301,"Minifigure, Hair Female Coiled, Parted Wash and Go","Minifigure, Hair",https://bricklink.com/v2/catalog/catalogitem.page?P=78301,https://www.bricklink.com/catalogItemIn.asp?P=78301&in=M,https://bricklink.com/v2/catalog/catalogitem.page?P=78301#T=C,Dark Brown,Black-coded,False,True
154,78301,"Minifigure, Hair Female Coiled, Parted Wash and Go","Minifigure, Hair",https://bricklink.com/v2/catalog/catalogitem.page?P=78301,https://www.bricklink.com/catalogItemIn.asp?P=78301&in=M,https://bricklink.com/v2/catalog/catalogitem.page?P=78301#T=C,Medium Nougat,Black-coded,False,False
639,79688,"Minifigure, Hair Male, Coiled with Straight Sides","Minifigure, Hair",https://bricklink.com/v2/catalog/catalogitem.page?P=79688,https://www.bricklink.com/catalogItemIn.asp?P=79688&in=M,https://bricklink.com/v2/catalog/catalogitem.page?P=79688#T=C,Black,Black-coded,False,True
635,80682,"Minifigure, Hair Male, Coiled with Short Straight Sides","Minifigure, Hair",https://bricklink.com/v2/catalog/catalogitem.page?P=80682,https://www.bricklink.com/catalogItemIn.asp?P=80682&in=M,https://bricklink.com/v2/catalog/catalogitem.page?P=80682#T=C,Black,Black-coded,False,True
636,80682,"Minifigure, Hair Male, Coiled with Short Straight Sides","Minifigure, Hair",https://bricklink.com/v2/catalog/catalogitem.page?P=80682,https://www.bricklink.com/catalogItemIn.asp?P=80682&in=M,https://bricklink.com/v2/catalog/catalogitem.page?P=80682#T=C,Dark Brown,Black-coded,False,True
310,80908,"Minifigure, Hair Female Mid-Length, Curly","Minifigure, Hair",https://bricklink.com/v2/catalog/catalogitem.page?P=80908,https://www.bricklink.com/catalogItemIn.asp?P=80908&in=M,https://bricklink.com/v2/catalog/catalogitem.page?P=80908#T=C,Black,Black-coded,False,True
160,83345,"Minifigure, Hair Female Long Braided Ponytail","Minifigure, Hair",https://bricklink.com/v2/catalog/catalogitem.page?P=83345,https://www.bricklink.com/catalogItemIn.asp?P=83345&in=M,https://bricklink.com/v2/catalog/catalogitem.page?P=83345#T=C,Black,Black-coded,False,True
161,83345,"Minifigure, Hair Female Long Braided Ponytail","Minifigure, Hair",https://bricklink.com/v2/catalog/catalogitem.page?P=83345,https://www.bricklink.com/catalogItemIn.asp?P=83345&in=M,https://bricklink.com/v2/catalog/catalogitem.page?P=83345#T=C,Dark Brown,Black-coded,False,True
16,87995,"Minifigure, Hair Bubble Style / Afro","Minifigure, Hair",https://bricklink.com/v2/catalog/catalogitem.page?P=87995,https://www.bricklink.com/catalogItemIn.asp?P=87995&in=M,https://bricklink.com/v2/catalog/catalogitem.page?P=87995#T=C,Black,Black-coded,False,True
18,87995,"Minifigure, Hair Bubble Style / Afro","Minifigure, Hair",https://bricklink.com/v2/catalog/catalogitem.page?P=87995,https://www.bricklink.com/catalogItemIn.asp?P=87995&in=M,https://bricklink.com/v2/catalog/catalogitem.page?P=87995#T=C,Brown,Black-coded,False,True
19,87995,"Minifigure, Hair Bubble Style / Afro","Minifigure, Hair",https://bricklink.com/v2/catalog/catalogitem.page?P=87995,https://www.bricklink.com/catalogItemIn.asp?P=87995&in=M,https://bricklink.com/v2/catalog/catalogitem.page?P=87995#T=C,Dark Brown,Black-coded,False,True
374,88286,"Minifigure, Hair Female Ponytail Long French Braided","Minifigure, Hair",https://bricklink.com/v2/catalog/catalogitem.page?P=88286,https://www.bricklink.com/catalogItemIn.asp?P=88286&in=M,https://bricklink.com/v2/catalog/catalogitem.page?P=88286#T=C,Brown,Black-coded,False,True
375,88286,"Minifigure, Hair Female Ponytail Long French Braided","Minifigure, Hair",https://bricklink.com/v2/catalog/catalogitem.page?P=88286,https://www.bricklink.com/catalogItemIn.asp?P=88286&in=M,https://bricklink.com/v2/catalog/catalogitem.page?P=88286#T=C,Dark Bluish Gray,Black-coded,False,False
376,88286,"Minifigure, Hair Female Ponytail Long French Braided","Minifigure, Hair",https://bricklink.com/v2/catalog/catalogitem.page?P=88286,https://www.bricklink.com/catalogItemIn.asp?P=88286&in=M,https://bricklink.com/v2/catalog/catalogitem.page?P=88286#T=C,Dark Brown,Black-coded,False,True
377,88286,"Minifigure, Hair Female Ponytail Long French Braided","Minifigure, Hair",https://bricklink.com/v2/catalog/catalogitem.page?P=88286,https://www.bricklink.com/catalogItemIn.asp?P=88286&in=M,https://bricklink.com/v2/catalog/catalogitem.page?P=88286#T=C,Dark Tan,Black-coded,False,True
378,88286,"Minifigure, Hair Female Ponytail Long French Braided","Minifigure, Hair",https://bricklink.com/v2/catalog/catalogitem.page?P=88286,https://www.bricklink.com/catalogItemIn.asp?P=88286&in=M,https://bricklink.com/v2/catalog/catalogitem.page?P=88286#T=C,Medium Nougat,Black-coded,False,False
381,88286,"Minifigure, Hair Female Ponytail Long French Braided","Minifigure, Hair",https://bricklink.com/v2/catalog/catalogitem.page?P=88286,https://www.bricklink.com/catalogItemIn.asp?P=88286&in=M,https://bricklink.com/v2/catalog/catalogitem.page?P=88286#T=C,Tan,Black-coded,False,False
382,88286,"Minifigure, Hair Female Ponytail Long French Braided","Minifigure, Hair",https://bricklink.com/v2/catalog/catalogitem.page?P=88286,https://www.bricklink.com/catalogItemIn.asp?P=88286&in=M,https://bricklink.com/v2/catalog/catalogitem.page?P=88286#T=C,White,Black-coded,False,True
227,92080,"Minifigure, Hair Female Long with Top Knot Bun and Barbs","Minifigure, Hair",https://bricklink.com/v2/catalog/catalogitem.page?P=92080,https://www.bricklink.com/catalogItemIn.asp?P=92080&in=M,https://bricklink.com/v2/catalog/catalogitem.page?P=92080#T=C,White,Black-coded,False,True
986,93217,"Minifigure, Hair Top Knot Bun","Minifigure, Hair",https://bricklink.com/v2/catalog/catalogitem.page?P=93217,https://www.bricklink.com/catalogItemIn.asp?P=93217&in=M,https://bricklink.com/v2/catalog/catalogitem.page?P=93217#T=C,Black,Black-coded,False,True
987,93217,"Minifigure, Hair Top Knot Bun","Minifigure, Hair",https://bricklink.com/v2/catalog/catalogitem.page?P=93217,https://www.bricklink.com/catalogItemIn.asp?P=93217&in=M,https://bricklink.com/v2/catalog/catalogitem.page?P=93217#T=C,Dark Bluish Gray,Black-coded,False,False
988,93217,"Minifigure, Hair Top Knot Bun","Minifigure, Hair",https://bricklink.com/v2/catalog/catalogitem.page?P=93217,https://www.bricklink.com/catalogItemIn.asp?P=93217&in=M,https://bricklink.com/v2/catalog/catalogitem.page?P=93217#T=C,Dark Brown,Black-coded,False,True
989,93217,"Minifigure, Hair Top Knot Bun","Minifigure, Hair",https://bricklink.com/v2/catalog/catalogitem.page?P=93217,https://www.bricklink.com/catalogItemIn.asp?P=93217&in=M,https://bricklink.com/v2/catalog/catalogitem.page?P=93217#T=C,Dark Tan,Black-coded,False,True
990,93217,"Minifigure, Hair Top Knot Bun","Minifigure, Hair",https://bricklink.com/v2/catalog/catalogitem.page?P=93217,https://www.bricklink.com/catalogItemIn.asp?P=93217&in=M,https://bricklink.com/v2/catalog/catalogitem.page?P=93217#T=C,Light Bluish Gray,Black-coded,False,False
493,93217pb01,"Minifigure, Hair Female with Top Knot Bun and Red and Pink Flowers Pattern","Minifigure, Hair",https://bricklink.com/v2/catalog/catalogitem.page?P=93217pb01,https://www.bricklink.com/catalogItemIn.asp?P=93217pb01&in=M,https://bricklink.com/v2/catalog/catalogitem.page?P=93217pb01#T=C,Black,Black-coded,False,True
494,93217pb02,"Minifigure, Hair Female with Top Knot Bun and White and Silver Flowers Pattern","Minifigure, Hair",https://bricklink.com/v2/catalog/catalogitem.page?P=93217pb02,https://www.bricklink.com/catalogItemIn.asp?P=93217pb02&in=M,https://bricklink.com/v2/catalog/catalogitem.page?P=93217pb02#T=C,Dark Brown,Black-coded,False,True
488,93562,"Minifigure, Hair Female with Top Knot Bun and Forelock","Minifigure, Hair",https://bricklink.com/v2/catalog/catalogitem.page?P=93562,https://www.bricklink.com/catalogItemIn.asp?P=93562&in=M,https://bricklink.com/v2/catalog/catalogitem.page?P=93562#T=C,Black,Black-coded,False,True
490,93562,"Minifigure, Hair Female with Top Knot Bun and Forelock","Minifigure, Hair",https://bricklink.com/v2/catalog/catalogitem.page?P=93562,https://www.bricklink.com/catalogItemIn.asp?P=93562&in=M,https://bricklink.com/v2/catalog/catalogitem.page?P=93562#T=C,Medium Nougat,Black-coded,False,False
912,98371,"Minifigure, Hair Swept Back with Forelock","Minifigure, Hair",https://bricklink.com/v2/catalog/catalogitem.page?P=98371,https://www.bricklink.com/catalogItemIn.asp?P=98371&in=M,https://bricklink.com/v2/catalog/catalogitem.page?P=98371#T=C,Black,Black-coded,False,True
913,98371,"Minifigure, Hair Swept Back with Forelock","Minifigure, Hair",https://bricklink.com/v2/catalog/catalogitem.page?P=98371,https://www.bricklink.com/catalogItemIn.asp?P=98371&in=M,https://bricklink.com/v2/catalog/catalogitem.page?P=98371#T=C,Dark Brown,Black-coded,False,True
914,98371,"Minifigure, Hair Swept Back with Forelock","Minifigure, Hair",https://bricklink.com/v2/catalog/catalogitem.page?P=98371,https://www.bricklink.com/catalogItemIn.asp?P=98371&in=M,https://bricklink.com/v2/catalog/catalogitem.page?P=98371#T=C,Medium Nougat,Black-coded,False,False
974,98726,"Minifigure, Hair Swept Right with Front Curl","Minifigure, Hair",https://bricklink.com/v2/catalog/catalogitem.page?P=98726,https://www.bricklink.com/catalogItemIn.asp?P=98726&in=M,https://bricklink.com/v2/catalog/catalogitem.page?P=98726#T=C,Black,Black-coded,False,True
975,98726,"Minifigure, Hair Swept Right with Front Curl","Minifigure, Hair",https://bricklink.com/v2/catalog/catalogitem.page?P=98726,https://www.bricklink.com/catalogItemIn.asp?P=98726&in=M,https://bricklink.com/v2/catalog/catalogitem.page?P=98726#T=C,Dark Brown,Black-coded,False,True
976,98726,"Minifigure, Hair Swept Right with Front Curl","Minifigure, Hair",https://bricklink.com/v2/catalog/catalogitem.page?P=98726,https://www.bricklink.com/catalogItemIn.asp?P=98726&in=M,https://bricklink.com/v2/catalog/catalogitem.page?P=98726#T=C,Dark Orange,Black-coded,True,True
979,98726,"Minifigure, Hair Swept Right with Front Curl","Minifigure, Hair",https://bricklink.com/v2/catalog/catalogitem.page?P=98726,https://www.bricklink.com/catalogItemIn.asp?P=98726&in=M,https://bricklink.com/v2/catalog/catalogitem.page?P=98726#T=C,White,Black-coded,False,True
188,x161,"Minifigure, Hair Female Long Top Braided","Minifigure, Hair",https://bricklink.com/v2/catalog/catalogitem.page?P=x161,https://www.bricklink.com/catalogItemIn.asp?P=x161&in=M,https://bricklink.com/v2/catalog/catalogitem.page?P=x161#T=C,Brown,Black-coded,False,True
189,x161,"Minifigure, Hair Female Long Top Braided","Minifigure, Hair",https://bricklink.com/v2/catalog/catalogitem.page?P=x161,https://www.bricklink.com/catalogItemIn.asp?P=x161&in=M,https://bricklink.com/v2/catalog/catalogitem.page?P=x161#T=C,Dark Brown,Black-coded,False,True
569,11261,"Minifigure, Hair Long with Braided Front","Minifigure, Hair",https://bricklink.com/v2/catalog/catalogitem.page?P=11261,https://www.bricklink.com/catalogItemIn.asp?P=11261&in=M,https://bricklink.com/v2/catalog/catalogitem.page?P=11261#T=C,Dark Orange,Dyed Black-coded,True,True
570,11261,"Minifigure, Hair Long with Braided Front","Minifigure, Hair",https://bricklink.com/v2/catalog/catalogitem.page?P=11261,https://www.bricklink.com/catalogItemIn.asp?P=11261&in=M,https://bricklink.com/v2/catalog/catalogitem.page?P=11261#T=C,Red,Dyed Black-coded,True,True
723,11420,"Minifigure, Hair Shaggy and Short with Braided Beard","Minifigure, Hair",https://bricklink.com/v2/catalog/catalogitem.page?P=11420,https://www.bricklink.com/catalogItemIn.asp?P=11420&in=M,https://bricklink.com/v2/catalog/catalogitem.page?P=11420#T=C,Lime,Dyed Black-coded,True,False
724,11420pb01,"Minifigure, Hair Shaggy and Short with Braided Beard with Olive Green Laced Shirt, Light Nougat Bald Spot and Chin Pattern","Minifigure, Hair",https://bricklink.com/v2/catalog/catalogitem.page?P=11420pb01,https://www.bricklink.com/catalogItemIn.asp?P=11420pb01&in=M,https://bricklink.com/v2/catalog/catalogitem.page?P=11420pb01#T=C,Dark Orange,Dyed Black-coded,True,True
725,11420pb01,"Minifigure, Hair Shaggy and Short with Braided Beard with Olive Green Laced Shirt, Light Nougat Bald Spot and Chin Pattern","Minifigure, Hair",https://bricklink.com/v2/catalog/catalogitem.page?P=11420pb01,https://www.bricklink.com/catalogItemIn.asp?P=11420pb01&in=M,https://bricklink.com/v2/catalog/catalogitem.page?P=11420pb01#T=C,Lime,Dyed Black-coded,True,False
566,11900,"Minifigure, Hair Long with Beard Tied in Sections","Minifigure, Hair",https://bricklink.com/v2/catalog/catalogitem.page?P=11900,https://www.bricklink.com/catalogItemIn.asp?P=11900&in=M,https://bricklink.com/v2/catalog/catalogitem.page?P=11900#T=C,Dark Orange,Dyed Black-coded,True,True
567,11900,"Minifigure, Hair Long with Beard Tied in Sections","Minifigure, Hair",https://bricklink.com/v2/catalog/catalogitem.page?P=11900,https://www.bricklink.com/catalogItemIn.asp?P=11900&in=M,https://bricklink.com/v2/catalog/catalogitem.page?P=11900#T=C,Red,Dyed Black-coded,True,True
896,11907,"Minifigure, Hair Spiked with Braided Beard and Ponytail","Minifigure, Hair",https://bricklink.com/v2/catalog/catalogitem.page?P=11907,https://www.bricklink.com/catalogItemIn.asp?P=11907&in=M,https://bricklink.com/v2/catalog/catalogitem.page?P=11907#T=C,Dark Orange,Dyed Black-coded,True,True
897,11907,"Minifigure, Hair Spiked with Braided Beard and Ponytail","Minifigure, Hair",https://bricklink.com/v2/catalog/catalogitem.page?P=11907,https://www.bricklink.com/catalogItemIn.asp?P=11907&in=M,https://bricklink.com/v2/catalog/catalogitem.page?P=11907#T=C,Red,Dyed Black-coded,True,True
228,13750,"Minifigure, Hair Female Long, Braided on Right, Hole on Top","Minifigure, Hair",https://bricklink.com/v2/catalog/catalogitem.page?P=13750,https://www.bricklink.com/catalogItemIn.asp?P=13750&in=M,https://bricklink.com/v2/catalog/catalogitem.page?P=13750#T=C,Dark Orange,Dyed Black-coded,True,True
217,13784,"Minifigure, Hair Female Long with Braided Pigtails","Minifigure, Hair",https://bricklink.com/v2/catalog/catalogitem.page?P=13784,https://www.bricklink.com/catalogItemIn.asp?P=13784&in=M,https://bricklink.com/v2/catalog/catalogitem.page?P=13784#T=C,Bright Light Yellow,Dyed Black-coded,True,True
824,15443,"Minifigure, Hair Short with 2 Locks on Left Side","Minifigure, Hair",https://bricklink.com/v2/catalog/catalogitem.page?P=15443,https://www.bricklink.com/catalogItemIn.asp?P=15443&in=M,https://bricklink.com/v2/catalog/catalogitem.page?P=15443#T=C,Reddish Brown,Dyed Black-coded,True,True
825,15443,"Minifigure, Hair Short with 2 Locks on Left Side","Minifigure, Hair",https://bricklink.com/v2/catalog/catalogitem.page?P=15443,https://www.bricklink.com/catalogItemIn.asp?P=15443&in=M,https://bricklink.com/v2/catalog/catalogitem.page?P=15443#T=C,Yellow,Dyed Black-coded,True,True
36,1685,"Minifigure, Hair Coiled and Mid-Length Sides","Minifigure, Hair",https://bricklink.com/v2/catalog/catalogitem.page?P=1685,https://www.bricklink.com/catalogItemIn.asp?P=1685&in=M,https://bricklink.com/v2/catalog/catalogitem.page?P=1685#T=C,Dark Orange,Dyed Black-coded,True,True
848,17221pb01,"Minifigure, Hair Short, Bowl Cut with Black Side Locks and Top Pattern","Minifigure, Hair",https://bricklink.com/v2/catalog/catalogitem.page?P=17221pb01,https://www.bricklink.com/catalogItemIn.asp?P=17221pb01&in=M,https://bricklink.com/v2/catalog/catalogitem.page?P=17221pb01#T=C,Bright Light Yellow,Dyed Black-coded,True,True
144,1988,"Minifigure, Hair Female Coiled and Braided, Swept over Left Side","Minifigure, Hair",https://bricklink.com/v2/catalog/catalogitem.page?P=1988,https://www.bricklink.com/catalogItemIn.asp?P=1988&in=M,https://bricklink.com/v2/catalog/catalogitem.page?P=1988#T=C,Dark Purple,Dyed Black-coded,True,False
145,1988,"Minifigure, Hair Female Coiled and Braided, Swept over Left Side","Minifigure, Hair",https://bricklink.com/v2/catalog/catalogitem.page?P=1988,https://www.bricklink.com/catalogItemIn.asp?P=1988&in=M,https://bricklink.com/v2/catalog/catalogitem.page?P=1988#T=C,Magenta,Dyed Black-coded,True,False
803,20597,"Minifigure, Hair Short Tousled with Side Part and Lock Sticking Up","Minifigure, Hair",https://bricklink.com/v2/catalog/catalogitem.page?P=20597,https://www.bricklink.com/catalogItemIn.asp?P=20597&in=M,https://bricklink.com/v2/catalog/catalogitem.page?P=20597#T=C,Blue,Dyed Black-coded,True,False
630,21778,"Minifigure, Hair Male with Coiled Texture","Minifigure, Hair",https://bricklink.com/v2/catalog/catalogitem.page?P=21778,https://www.bricklink.com/catalogItemIn.asp?P=21778&in=M,https://bricklink.com/v2/catalog/catalogitem.page?P=21778#T=C,Magenta,Dyed Black-coded,True,False
632,21778,"Minifigure, Hair Male with Coiled Texture","Minifigure, Hair",https://bricklink.com/v2/catalog/catalogitem.page?P=21778,https://www.bricklink.com/catalogItemIn.asp?P=21778&in=M,https://bricklink.com/v2/catalog/catalogitem.page?P=21778#T=C,Reddish Brown,Dyed Black-coded,True,True
633,21778,"Minifigure, Hair Male with Coiled Texture","Minifigure, Hair",https://bricklink.com/v2/catalog/catalogitem.page?P=21778,https://www.bricklink.com/catalogItemIn.asp?P=21778&in=M,https://bricklink.com/v2/catalog/catalogitem.page?P=21778#T=C,Yellow,Dyed Black-coded,True,True
513,25379,"Minifigure, Hair Flat Top with Straight Even Sections","Minifigure, Hair",https://bricklink.com/v2/catalog/catalogitem.page?P=25379,https://www.bricklink.com/catalogItemIn.asp?P=25379&in=M,https://bricklink.com/v2/catalog/catalogitem.page?P=25379#T=C,Orange,Dyed Black-coded,True,False
515,25379,"Minifigure, Hair Flat Top with Straight Even Sections","Minifigure, Hair",https://bricklink.com/v2/catalog/catalogitem.page?P=25379,https://www.bricklink.com/catalogItemIn.asp?P=25379&in=M,https://bricklink.com/v2/catalog/catalogitem.page?P=25379#T=C,Flat Silver,Dyed Black-coded,True,False
492,25613,"Minifigure, Hair Female with Top Knot Bun and Fringe","Minifigure, Hair",https://bricklink.com/v2/catalog/catalogitem.page?P=25613,https://www.bricklink.com/catalogItemIn.asp?P=25613&in=M,https://bricklink.com/v2/catalog/catalogitem.page?P=25613#T=C,Bright Light Yellow,Dyed Black-coded,True,True
1035,27385,"Minifigure, Hair Wide Mohawk with Coiled Texture","Minifigure, Hair",https://bricklink.com/v2/catalog/catalogitem.page?P=27385,https://www.bricklink.com/catalogItemIn.asp?P=27385&in=M,https://bricklink.com/v2/catalog/catalogitem.page?P=27385#T=C,Red,Dyed Black-coded,True,True
467,29634,"Minifigure, Hair Female Very Curly, Parted in Middle","Minifigure, Hair",https://bricklink.com/v2/catalog/catalogitem.page?P=29634,https://www.bricklink.com/catalogItemIn.asp?P=29634&in=M,https://bricklink.com/v2/catalog/catalogitem.page?P=29634#T=C,Dark Orange,Dyed Black-coded,True,True
468,29634,"Minifigure, Hair Female Very Curly, Parted in Middle","Minifigure, Hair",https://bricklink.com/v2/catalog/catalogitem.page?P=29634,https://www.bricklink.com/catalogItemIn.asp?P=29634&in=M,https://bricklink.com/v2/catalog/catalogitem.page?P=29634#T=C,Dark Pink,Dyed Black-coded,True,False
503,30608,"Minifigure, Hair Flat Top with Extended Sides","Minifigure, Hair",https://bricklink.com/v2/catalog/catalogitem.page?P=30608,https://www.bricklink.com/catalogItemIn.asp?P=30608&in=M,https://bricklink.com/v2/catalog/catalogitem.page?P=30608#T=C,Dark Orange,Dyed Black-coded,True,True
505,30608,"Minifigure, Hair Flat Top with Extended Sides","Minifigure, Hair",https://bricklink.com/v2/catalog/catalogitem.page?P=30608,https://www.bricklink.com/catalogItemIn.asp?P=30608&in=M,https://bricklink.com/v2/catalog/catalogitem.page?P=30608#T=C,Reddish Brown,Dyed Black-coded,True,True
508,30608,"Minifigure, Hair Flat Top with Extended Sides","Minifigure, Hair",https://bricklink.com/v2/catalog/catalogitem.page?P=30608,https://www.bricklink.com/catalogItemIn.asp?P=30608&in=M,https://bricklink.com/v2/catalog/catalogitem.page?P=30608#T=C,Flat Silver,Dyed Black-coded,True,False
509,30608,"Minifigure, Hair Flat Top with Extended Sides","Minifigure, Hair",https://bricklink.com/v2/catalog/catalogitem.page?P=30608,https://www.bricklink.com/catalogItemIn.asp?P=30608&in=M,https://bricklink.com/v2/catalog/catalogitem.page?P=30608#T=C,Pearl Gold,Dyed Black-coded,True,False
510,30608,"Minifigure, Hair Flat Top with Extended Sides","Minifigure, Hair",https://bricklink.com/v2/catalog/catalogitem.page?P=30608,https://www.bricklink.com/catalogItemIn.asp?P=30608&in=M,https://bricklink.com/v2/catalog/catalogitem.page?P=30608#T=C,Metallic Gold,Dyed Black-coded,True,False
565,3157,"Minifigure, Hair Long Widows Peak Swept Back and Spiked with 2 Braids over Shoulders","Minifigure, Hair",https://bricklink.com/v2/catalog/catalogitem.page?P=3157,https://www.bricklink.com/catalogItemIn.asp?P=3157&in=M,https://bricklink.com/v2/catalog/catalogitem.page?P=3157#T=C,Bright Light Orange,Dyed Black-coded,True,False
314,35714,"Minifigure, Hair Female Parted in Center, Two Braids Hanging in Front","Minifigure, Hair",https://bricklink.com/v2/catalog/catalogitem.page?P=35714,https://www.bricklink.com/catalogItemIn.asp?P=35714&in=M,https://bricklink.com/v2/catalog/catalogitem.page?P=35714#T=C,Reddish Brown,Dyed Black-coded,True,True
315,35714pb01,"Minifigure, Hair Female Parted in Center, Two Braids Hanging in Front with Bright Light Blue Bows Pattern","Minifigure, Hair",https://bricklink.com/v2/catalog/catalogitem.page?P=35714pb01,https://www.bricklink.com/catalogItemIn.asp?P=35714pb01&in=M,https://bricklink.com/v2/catalog/catalogitem.page?P=35714pb01#T=C,Reddish Brown,Dyed Black-coded,True,True
39,36060,"Minifigure, Hair Coiled and Short","Minifigure, Hair",https://bricklink.com/v2/catalog/catalogitem.page?P=36060,https://www.bricklink.com/catalogItemIn.asp?P=36060&in=M,https://bricklink.com/v2/catalog/catalogitem.page?P=36060#T=C,Dark Orange,Dyed Black-coded,True,True
40,36060,"Minifigure, Hair Coiled and Short","Minifigure, Hair",https://bricklink.com/v2/catalog/catalogitem.page?P=36060,https://www.bricklink.com/catalogItemIn.asp?P=36060&in=M,https://bricklink.com/v2/catalog/catalogitem.page?P=36060#T=C,Orange,Dyed Black-coded,True,False
826,39514pb01,"Minifigure, Hair Short with 2 Locks on Left Side with Black Headphones Pattern","Minifigure, Hair",https://bricklink.com/v2/catalog/catalogitem.page?P=39514pb01,https://www.bricklink.com/catalogItemIn.asp?P=39514pb01&in=M,https://bricklink.com/v2/catalog/catalogitem.page?P=39514pb01#T=C,Reddish Brown,Dyed Black-coded,True,True
787,40938,"Minifigure, Hair Short Tousled with 2 Locks on Left Side","Minifigure, Hair",https://bricklink.com/v2/catalog/catalogitem.page?P=40938,https://www.bricklink.com/catalogItemIn.asp?P=40938&in=M,https://bricklink.com/v2/catalog/catalogitem.page?P=40938#T=C,Reddish Brown,Dyed Black-coded,True,True
213,41614,"Minifigure, Hair Female Long Wavy, Swept Back Bangs, Braid Twisted over Left Shoulder","Minifigure, Hair",https://bricklink.com/v2/catalog/catalogitem.page?P=41614,https://www.bricklink.com/catalogItemIn.asp?P=41614&in=M,https://bricklink.com/v2/catalog/catalogitem.page?P=41614#T=C,Bright Light Yellow,Dyed Black-coded,True,True
500,41615,"Minifigure, Hair Female, Parted on Left with 2 Long Braids Over Shoulders","Minifigure, Hair",https://bricklink.com/v2/catalog/catalogitem.page?P=41615,https://www.bricklink.com/catalogItemIn.asp?P=41615&in=M,https://bricklink.com/v2/catalog/catalogitem.page?P=41615#T=C,Dark Orange,Dyed Black-coded,True,True
193,48212,"Minifigure, Hair Female Long Top Braided, Elaborate","Minifigure, Hair",https://bricklink.com/v2/catalog/catalogitem.page?P=48212,https://www.bricklink.com/catalogItemIn.asp?P=48212&in=M,https://bricklink.com/v2/catalog/catalogitem.page?P=48212#T=C,Reddish Brown,Dyed Black-coded,True,True
457,49890pb01,"Minifigure, Hair Female Smooth with 3 Locks in Back and Bright Pink Bow Pattern","Minifigure, Hair",https://bricklink.com/v2/catalog/catalogitem.page?P=49890pb01,https://www.bricklink.com/catalogItemIn.asp?P=49890pb01&in=M,https://bricklink.com/v2/catalog/catalogitem.page?P=49890pb01#T=C,Yellow,Dyed Black-coded,True,True
119,5108,"Minifigure, Hair Curly, Bushy, Hole on Top","Minifigure, Hair",https://bricklink.com/v2/catalog/catalogitem.page?P=5108,https://www.bricklink.com/catalogItemIn.asp?P=5108&in=M,https://bricklink.com/v2/catalog/catalogitem.page?P=5108#T=C,Trans-Purple,Dyed Black-coded,True,False
148,53126,"Minifigure, Hair Female Coiled with Large High Bun","Minifigure, Hair",https://bricklink.com/v2/catalog/catalogitem.page?P=53126,https://www.bricklink.com/catalogItemIn.asp?P=53126&in=M,https://bricklink.com/v2/catalog/catalogitem.page?P=53126#T=C,Medium Lavender,Dyed Black-coded,True,False
275,59363,"Minifigure, Hair Female Mid-Length with Braid Around Sides","Minifigure, Hair",https://bricklink.com/v2/catalog/catalogitem.page?P=59363,https://www.bricklink.com/catalogItemIn.asp?P=59363&in=M,https://bricklink.com/v2/catalog/catalogitem.page?P=59363#T=C,Bright Light Yellow,Dyed Black-coded,True,True
276,59363,"Minifigure, Hair Female Mid-Length with Braid Around Sides","Minifigure, Hair",https://bricklink.com/v2/catalog/catalogitem.page?P=59363,https://www.bricklink.com/catalogItemIn.asp?P=59363&in=M,https://bricklink.com/v2/catalog/catalogitem.page?P=59363#T=C,Dark Orange,Dyed Black-coded,True,True
278,59363,"Minifigure, Hair Female Mid-Length with Braid Around Sides","Minifigure, Hair",https://bricklink.com/v2/catalog/catalogitem.page?P=59363,https://www.bricklink.com/catalogItemIn.asp?P=59363&in=M,https://bricklink.com/v2/catalog/catalogitem.page?P=59363#T=C,Red,Dyed Black-coded,True,True
279,59363,"Minifigure, Hair Female Mid-Length with Braid Around Sides","Minifigure, Hair",https://bricklink.com/v2/catalog/catalogitem.page?P=59363,https://www.bricklink.com/catalogItemIn.asp?P=59363&in=M,https://bricklink.com/v2/catalog/catalogitem.page?P=59363#T=C,Reddish Brown,Dyed Black-coded,True,True
280,59363,"Minifigure, Hair Female Mid-Length with Braid Around Sides","Minifigure, Hair",https://bricklink.com/v2/catalog/catalogitem.page?P=59363,https://www.bricklink.com/catalogItemIn.asp?P=59363&in=M,https://bricklink.com/v2/catalog/catalogitem.page?P=59363#T=C,Pearl Gold,Dyed Black-coded,True,False
433,64807,"Minifigure, Hair Female Short, Braided on Sides, Hole on Top","Minifigure, Hair",https://bricklink.com/v2/catalog/catalogitem.page?P=64807,https://www.bricklink.com/catalogItemIn.asp?P=64807&in=M,https://bricklink.com/v2/catalog/catalogitem.page?P=64807#T=C,Bright Light Yellow,Dyed Black-coded,True,True
438,64807,"Minifigure, Hair Female Short, Braided on Sides, Hole on Top","Minifigure, Hair",https://bricklink.com/v2/catalog/catalogitem.page?P=64807,https://www.bricklink.com/catalogItemIn.asp?P=64807&in=M,https://bricklink.com/v2/catalog/catalogitem.page?P=64807#T=C,Reddish Brown,Dyed Black-coded,True,True
155,78301,"Minifigure, Hair Female Coiled, Parted Wash and Go","Minifigure, Hair",https://bricklink.com/v2/catalog/catalogitem.page?P=78301,https://www.bricklink.com/catalogItemIn.asp?P=78301&in=M,https://bricklink.com/v2/catalog/catalogitem.page?P=78301#T=C,Reddish Brown,Dyed Black-coded,True,True
637,80682,"Minifigure, Hair Male, Coiled with Short Straight Sides","Minifigure, Hair",https://bricklink.com/v2/catalog/catalogitem.page?P=80682,https://www.bricklink.com/catalogItemIn.asp?P=80682&in=M,https://bricklink.com/v2/catalog/catalogitem.page?P=80682#T=C,Dark Red,Dyed Black-coded,True,True
311,80908,"Minifigure, Hair Female Mid-Length, Curly","Minifigure, Hair",https://bricklink.com/v2/catalog/catalogitem.page?P=80908,https://www.bricklink.com/catalogItemIn.asp?P=80908&in=M,https://bricklink.com/v2/catalog/catalogitem.page?P=80908#T=C,Reddish Brown,Dyed Black-coded,True,True
17,87995,"Minifigure, Hair Bubble Style / Afro","Minifigure, Hair",https://bricklink.com/v2/catalog/catalogitem.page?P=87995,https://www.bricklink.com/catalogItemIn.asp?P=87995&in=M,https://bricklink.com/v2/catalog/catalogitem.page?P=87995#T=C,Blue,Dyed Black-coded,True,False
20,87995,"Minifigure, Hair Bubble Style / Afro","Minifigure, Hair",https://bricklink.com/v2/catalog/catalogitem.page?P=87995,https://www.bricklink.com/catalogItemIn.asp?P=87995&in=M,https://bricklink.com/v2/catalog/catalogitem.page?P=87995#T=C,Dark Pink,Dyed Black-coded,True,False
21,87995,"Minifigure, Hair Bubble Style / Afro","Minifigure, Hair",https://bricklink.com/v2/catalog/catalogitem.page?P=87995,https://www.bricklink.com/catalogItemIn.asp?P=87995&in=M,https://bricklink.com/v2/catalog/catalogitem.page?P=87995#T=C,Green,Dyed Black-coded,True,False
22,87995,"Minifigure, Hair Bubble Style / Afro","Minifigure, Hair",https://bricklink.com/v2/catalog/catalogitem.page?P=87995,https://www.bricklink.com/catalogItemIn.asp?P=87995&in=M,https://bricklink.com/v2/catalog/catalogitem.page?P=87995#T=C,Lime,Dyed Black-coded,True,False
23,87995,"Minifigure, Hair Bubble Style / Afro","Minifigure, Hair",https://bricklink.com/v2/catalog/catalogitem.page?P=87995,https://www.bricklink.com/catalogItemIn.asp?P=87995&in=M,https://bricklink.com/v2/catalog/catalogitem.page?P=87995#T=C,Red,Dyed Black-coded,True,True
24,87995,"Minifigure, Hair Bubble Style / Afro","Minifigure, Hair",https://bricklink.com/v2/catalog/catalogitem.page?P=87995,https://www.bricklink.com/catalogItemIn.asp?P=87995&in=M,https://bricklink.com/v2/catalog/catalogitem.page?P=87995#T=C,Yellow,Dyed Black-coded,True,True
379,88286,"Minifigure, Hair Female Ponytail Long French Braided","Minifigure, Hair",https://bricklink.com/v2/catalog/catalogitem.page?P=88286,https://www.bricklink.com/catalogItemIn.asp?P=88286&in=M,https://bricklink.com/v2/catalog/catalogitem.page?P=88286#T=C,Red,Dyed Black-coded,True,True
380,88286,"Minifigure, Hair Female Ponytail Long French Braided","Minifigure, Hair",https://bricklink.com/v2/catalog/catalogitem.page?P=88286,https://www.bricklink.com/catalogItemIn.asp?P=88286&in=M,https://bricklink.com/v2/catalog/catalogitem.page?P=88286#T=C,Reddish Brown,Dyed Black-coded,True,True
489,93562,"Minifigure, Hair Female with Top Knot Bun and Forelock","Minifigure, Hair",https://bricklink.com/v2/catalog/catalogitem.page?P=93562,https://www.bricklink.com/catalogItemIn.asp?P=93562&in=M,https://bricklink.com/v2/catalog/catalogitem.page?P=93562#T=C,Bright Light Yellow,Dyed Black-coded,True,True
491,93562,"Minifigure, Hair Female with Top Knot Bun and Forelock","Minifigure, Hair",https://bricklink.com/v2/catalog/catalogitem.page?P=93562,https://www.bricklink.com/catalogItemIn.asp?P=93562&in=M,https://bricklink.com/v2/catalog/catalogitem.page?P=93562#T=C,Orange,Dyed Black-coded,True,False
190,x161,"Minifigure, Hair Female Long Top Braided","Minifigure, Hair",https://bricklink.com/v2/catalog/catalogitem.page?P=x161,https://www.bricklink.com/catalogItemIn.asp?P=x161&in=M,https://bricklink.com/v2/catalog/catalogitem.page?P=x161#T=C,Reddish Brown,Dyed Black-coded,True,True
